<?xml version="1.0" encoding="UTF-8"?>
<beans xmlns="http://www.springframework.org/schema/beans"
       xmlns:xsi="http://www.w3.org/2001/XMLSchema-instance"
       xmlns:context="http://www.springframework.org/schema/context"
       xsi:schemaLocation="http://www.springframework.org/schema/beans
            http://www.springframework.org/schema/beans/spring-beans.xsd
            http://www.springframework.org/schema/context
            http://www.springframework.org/schema/context/spring-context-3.0.xsd">

	<bean id="mysim" class="SetterMethod.Sim">
	<property name="provider" value="Airtel"></property>
	<property name="type" value="prepaid"></property>	
	</bean>
	
	<bean id="mymobile" class="SetterMethod.Mobile">
	<property name="price" value="1000"></property>
	<property name="brand" value="Samsung"></property>
	<property name="sim" ref="mysim"></property>	
	</bean>
</beans>