<?xml version="1.0" encoding="UTF-8"?>
<beans xmlns="http://www.springframework.org/schema/beans"
       xmlns:xsi="http://www.w3.org/2001/XMLSchema-instance"
       xmlns:context="http://www.springframework.org/schema/context"
       xsi:schemaLocation="http://www.springframework.org/schema/beans
            http://www.springframework.org/schema/beans/spring-beans.xsd
            http://www.springframework.org/schema/context
            http://www.springframework.org/schema/context/spring-context-3.0.xsd">
            
         <bean id="mystudent" class="StudentSetterMethod.Student">
         <property name="name" value="SHIVAKUMAR"></property>
         <property name="age" value="23"></property>
         </bean>
         
         <bean id="myschool" class="StudentSetterMethod.School">
         <property name="location" value="Banglore"></property>
         <property name="student" ref="mystudent"></property>
         </bean>
 </beans>